{"cameraMode":{"drawMode":0,"name":"Shaded","section":"Shading Mode"},"sceneLighting":false,"audioPlay":false,"sceneViewState":{"m_AlwaysRefresh":false,"showFog":true,"showSkybox":false,"showFlares":true,"showImageEffects":true,"showParticleSystems":true,"showVisualEffectGraphs":true,"m_FxEnabled":true},"in2DMode":false,"pivot":{"x":2.384185791015625e-7,"y":6.749999046325684,"z":-1.4999990463256837},"rotation":{"x":0.06354909390211106,"y":0.37372061610221865,"z":-0.033199187368154529,"w":0.9251061677932739},"size":12.992786407470704,"orthographic":false}