{"cameraMode":{"drawMode":0,"name":"Shaded","section":"Shading Mode"},"sceneLighting":true,"audioPlay":false,"sceneViewState":{"m_AlwaysRefresh":false,"showFog":true,"showSkybox":true,"showFlares":true,"showImageEffects":true,"showParticleSystems":true,"showVisualEffectGraphs":true,"m_FxEnabled":true},"in2DMode":false,"pivot":{"x":-16.880001068115236,"y":47.69727325439453,"z":-58.26951599121094},"rotation":{"x":0.24665917456150056,"y":0.14497600495815278,"z":-0.04479028657078743,"w":0.9575921297073364},"size":26.645015716552736,"orthographic":false}