{"cameraMode":{"drawMode":0,"name":"Shaded","section":"Shading Mode"},"sceneLighting":true,"audioPlay":false,"sceneViewState":{"m_AlwaysRefresh":false,"showFog":true,"showSkybox":true,"showFlares":true,"showImageEffects":true,"showParticleSystems":true,"showVisualEffectGraphs":true,"m_FxEnabled":true},"in2DMode":false,"pivot":{"x":-11.527182579040528,"y":19.2437686920166,"z":-9.981800079345704},"rotation":{"x":-0.12698228657245637,"y":0.09242238849401474,"z":-0.004974473733454943,"w":-0.9879878759384155},"size":26.645015716552736,"orthographic":false}