{"cameraMode":{"drawMode":0,"name":"Shaded","section":"Shading Mode"},"sceneLighting":true,"audioPlay":false,"sceneViewState":{"m_AlwaysRefresh":false,"showFog":true,"showSkybox":true,"showFlares":true,"showImageEffects":true,"showParticleSystems":true,"showVisualEffectGraphs":true,"m_FxEnabled":true},"in2DMode":false,"pivot":{"x":23.777503967285158,"y":67.27726745605469,"z":-88.9897232055664},"rotation":{"x":-0.1817101389169693,"y":-0.0036082258448004724,"z":0.0071381451562047009,"w":-0.9836482405662537},"size":2.5296595096588136,"orthographic":false}