{"cameraMode":{"drawMode":0,"name":"Shaded","section":"Shading Mode"},"sceneLighting":false,"audioPlay":false,"sceneViewState":{"m_AlwaysRefresh":false,"showFog":true,"showSkybox":false,"showFlares":true,"showImageEffects":true,"showParticleSystems":true,"showVisualEffectGraphs":true,"m_FxEnabled":true},"in2DMode":false,"pivot":{"x":-0.6261419653892517,"y":0.3587457537651062,"z":0.25580453872680666},"rotation":{"x":-0.07194747775793076,"y":-0.9221634268760681,"z":0.20902331173419953,"w":-0.3174303472042084},"size":2.4238407611846926,"orthographic":false}